<?xml version="1.0" encoding="utf-8"?>
<!DOCTYPE install SYSTEM "http://dev.joomla.org/xml/1.5/component-install.dtd">
<install type="component" version="1.5">
	<name>jfusion</name>
	<creationDate>October 2007</creationDate>
	<author>JFusion Development Team</author>
	<authorEmail>info@jfusion.org</authorEmail>
	<authorUrl>http://www.jfusion.org</authorUrl>
	<copyright>(C) 2007 All rights reserved.</copyright>
	<license>GNU/GPL</license>
	<version>1.0.5f</version>
  <description>This is the JFusion component, used to configure the JFusion behaviour</description>

    <params>
  		<param name="mirror_users" type="list" default="" description="MIRROR_USERS">
			<option value="0">MIRROR_USERS_NO</option>
			<option value="1">MIRROR_USERS_YES</option>
		</param>
    <param name="username_filter" type="list" default="1" description="USERNAME_FILTER">
			<option value="1">YES</option>
			<option value="0">NO</option>
		</param>
    <param name="joomla_usergroup" type="list" default="Registered" description="JOOMLA_USERGROUP">
			<option value="Public Frontend">Public Frontend</option>
			<option value="Registered">Registered</option>
  			<option value="Author">Author</option>
   			<option value="Editor">Editor</option>
   			<option value="Publisher">Publisher</option>
   			<option value="Public Backend">Public Backend</option>
   			<option value="Manager">Manager</option>
   			<option value="Administrator">Administrator</option>
   			<option value="Super Administrator">Super Administrator</option>
		</param>
    <param name="@spacer" type="spacer" default="" label="" description="" />
    
       	<param name="use_wrapper" type="list" default="1" description="USE_WRAPPER">
			<option value="1">YES</option>
			<option value="0">NO</option>
		</param>
		
 	    <param name="new_window" type="list" default="1" description="NEW_WINDOW">
		    <option value="1">YES</option>
			<option value="0">NO</option>
		</param>
		
  		<param name="wrapper_scroll" type="radio" default="auto" description="WRAPPER_SCROLL">
			<option value="no">NO</option>
			<option value="yes">YES</option>
			<option value="auto">AUTO</option>
		</param>
    <param name="wrapper_width" type="text" size="10" default="100%" description="WRAPPER_HEIGHT" />
   	<param name="wrapper_height" type="text" size="10" default="500" description="WRAPPER_WIDTH" />
    <param name="wrapper_autoheight" type="radio" default="1" description="WRAPPER_AUTOHEIGHT">
			<option value="0">NO</option>
			<option value="1">YES</option>
		</param>
    <param name="wrapper_transparency" type="radio" default="1" description="WRAPPER_TRANSPARENCY">
			<option value="0">NO</option>
			<option value="1">YES</option>
		</param>
		
</params>
    
    
	
    <install>
		<sql>
 		    <file driver="mysql" charset="utf8">install.jfusion.sql</file>
		</sql>
	</install>

    <uninstall>
		<sql>
            <file driver="mysql" charset="utf8">uninstall.jfusion.sql</file>
		</sql>
	</uninstall>

    	<files folder="front">
	 	    <filename>index.html</filename>
	 	    <filename>jfusion.php</filename>
     	    <filename>jfusion.html.php</filename>
		</files>

	<administration>
		<menu img="components/com_jfusion/images/jfusion.png">jfusion</menu>
		<submenu>
			<menu link="option=com_jfusion&amp;task=show_install">Integration Config</menu>
			<menu link="option=com_jfusion&amp;task=main_config">Main Config</menu>
			<menu link="option=com_jfusion&amp;task=add_plugin">New Plugin Installer</menu>
  			<menu link="option=com_jfusion&amp;task=check_login_form">Login Checker</menu>
			<menu link="option=com_jfusion&amp;task=help">Help</menu>
		</submenu>		

		<files folder="admin">
		 	<filename>index.html</filename>
		 	<filename>admin.jfusion.php</filename>
		 	<filename>admin.jfusion.html.php</filename>
		 	<filename>admin.forum_factory.php</filename>
		 	<filename>admin.auth_factory.php</filename>
		 	<filename>admin.abstract_forum.php</filename>
		 	<filename>array_functions.php</filename>
		 	<filename>install.php</filename>
		 	<filename>elements/forum.php</filename>
		 	<filename>plugins/vbulletin/admin_forum.php</filename>
		 	<filename>plugins/vbulletin/jfusion.xml</filename>
     		<filename>plugins/vbulletin/auth.php</filename>
     		
		 	<filename>plugins/phpbb3/admin_forum.php</filename>
 		 	<filename>plugins/phpbb3/jfusion.xml</filename>
     		<filename>plugins/phpbb3/PasswordHash.php</filename>
     		<filename>plugins/phpbb3/username_clean.php</filename>
     		<filename>plugins/phpbb3/confusables.php</filename>
     		<filename>plugins/phpbb3/case_fold_f.php</filename>
     		<filename>plugins/phpbb3/case_fold_s.php</filename>
     		<filename>plugins/phpbb3/case_fold_c.php</filename>
     		<filename>plugins/phpbb3/auth.php</filename>
     		
		 	<filename>plugins/smf/admin_forum.php</filename>
 		 	<filename>plugins/smf/jfusion.xml</filename>
     		<filename>plugins/smf/auth.php</filename>
     		
		 	<filename>plugins/mybb/admin_forum.php</filename>
 		 	<filename>plugins/mybb/jfusion.xml</filename>
     		<filename>plugins/mybb/auth.php</filename>
 		 	
		 	<filename>plugins/ipb/admin_forum.php</filename>
 		 	<filename>plugins/ipb/jfusion.xml</filename>
     		<filename>plugins/ipb/auth.php</filename>
     		
		 	<filename>plugins/magento/admin_forum.php</filename>
 		 	<filename>plugins/magento/jfusion.xml</filename>
		 	<filename>images/index.html</filename>
     		<filename>images/jfusion.png</filename>
     		<filename>images/jfusion_logo.jpg</filename>
     		<filename>install.jfusion.sql</filename>
  		    <filename>uninstall.jfusion.sql</filename>

		</files>
		<languages folder="admin">
			<language tag="en-GB">en-GB.com_jfusion.ini</language>
		</languages>
	</administration>
</install>
