<?xml version="1.0" encoding="utf-8"?>
  <install version="1.5.0" type="plugin" group="editors">
    <name>Editor - WysiwygPro 3 Install Step 2 (DO NOT USE)</name>
    <version></version>
    <creationDate></creationDate>
    <author></author>
    <authorEmail></authorEmail>
    <authorUrl></authorUrl>
    <copyright></copyright>
    <license></license>
    <description>WysiwygPro Installation Step Two Complete. Please now install Plugin3.zip.</description>
    <files> 	
<filename>wysiwygPro3/wysiwygPro/themes/index.htm</filename>
<filename>wysiwygPro3/wysiwygPro/themes/default/index.htm</filename>
<filename>wysiwygPro3/wysiwygPro/themes/default/wysiwygpro/dialog.css</filename>
<filename>wysiwygPro3/wysiwygPro/themes/default/wysiwygpro/document.css</filename>
<filename>wysiwygPro3/wysiwygPro/themes/default/wysiwygpro/editor.css</filename>

<filename>wysiwygPro3/wysiwygPro/themes/default/wysiwygpro/index.htm</filename>
<filename>wysiwygPro3/wysiwygPro/themes/default/wysiwygpro/Read Me.txt</filename>
<filename>wysiwygPro3/wysiwygPro/themes/default/wysiwygpro/theme.inc.php</filename>
<filename>wysiwygPro3/wysiwygPro/themes/default/wysiwygpro/buttons/autofitcols.gif</filename>
<filename>wysiwygPro3/wysiwygPro/themes/default/wysiwygpro/buttons/back.gif</filename>
<filename>wysiwygPro3/wysiwygPro/themes/default/wysiwygpro/buttons/bold.gif</filename>
<filename>wysiwygPro3/wysiwygPro/themes/default/wysiwygpro/buttons/bookmark.gif</filename>
<filename>wysiwygPro3/wysiwygPro/themes/default/wysiwygpro/buttons/bullets.gif</filename>
<filename>wysiwygPro3/wysiwygPro/themes/default/wysiwygpro/buttons/button.gif</filename>

<filename>wysiwygPro3/wysiwygPro/themes/default/wysiwygpro/buttons/center.gif</filename>
<filename>wysiwygPro3/wysiwygPro/themes/default/wysiwygpro/buttons/checkbox.gif</filename>
<filename>wysiwygPro3/wysiwygPro/themes/default/wysiwygpro/buttons/close.gif</filename>
<filename>wysiwygPro3/wysiwygPro/themes/default/wysiwygpro/buttons/codecleanup.gif</filename>
<filename>wysiwygPro3/wysiwygPro/themes/default/wysiwygpro/buttons/copy.gif</filename>
<filename>wysiwygPro3/wysiwygPro/themes/default/wysiwygpro/buttons/copyfilesto.gif</filename>
<filename>wysiwygPro3/wysiwygPro/themes/default/wysiwygpro/buttons/cut.gif</filename>
<filename>wysiwygPro3/wysiwygPro/themes/default/wysiwygpro/buttons/delcol.gif</filename>
<filename>wysiwygPro3/wysiwygPro/themes/default/wysiwygpro/buttons/delete.gif</filename>

<filename>wysiwygPro3/wysiwygPro/themes/default/wysiwygpro/buttons/deletefiles.gif</filename>
<filename>wysiwygPro3/wysiwygPro/themes/default/wysiwygpro/buttons/delrow.gif</filename>
<filename>wysiwygPro3/wysiwygPro/themes/default/wysiwygpro/buttons/deltable.gif</filename>
<filename>wysiwygPro3/wysiwygPro/themes/default/wysiwygpro/buttons/dirltr.gif</filename>
<filename>wysiwygPro3/wysiwygPro/themes/default/wysiwygpro/buttons/dirrtl.gif</filename>
<filename>wysiwygPro3/wysiwygPro/themes/default/wysiwygpro/buttons/distcols.gif</filename>
<filename>wysiwygPro3/wysiwygPro/themes/default/wysiwygpro/buttons/document.gif</filename>
<filename>wysiwygPro3/wysiwygPro/themes/default/wysiwygpro/buttons/documentproperties.gif</filename>
<filename>wysiwygPro3/wysiwygPro/themes/default/wysiwygpro/buttons/downarrow.gif</filename>

<filename>wysiwygPro3/wysiwygPro/themes/default/wysiwygpro/buttons/dropdownlist.gif</filename>
<filename>wysiwygPro3/wysiwygPro/themes/default/wysiwygpro/buttons/editform.gif</filename>
<filename>wysiwygPro3/wysiwygPro/themes/default/wysiwygpro/buttons/editimage.gif</filename>
<filename>wysiwygPro3/wysiwygPro/themes/default/wysiwygpro/buttons/edittable.gif</filename>
<filename>wysiwygPro3/wysiwygPro/themes/default/wysiwygpro/buttons/emailaddress.gif</filename>
<filename>wysiwygPro3/wysiwygPro/themes/default/wysiwygpro/buttons/emoticon.gif</filename>
<filename>wysiwygPro3/wysiwygPro/themes/default/wysiwygpro/buttons/file.gif</filename>
<filename>wysiwygPro3/wysiwygPro/themes/default/wysiwygpro/buttons/find.gif</filename>
<filename>wysiwygPro3/wysiwygPro/themes/default/wysiwygpro/buttons/first.gif</filename>

<filename>wysiwygPro3/wysiwygPro/themes/default/wysiwygpro/buttons/fixedcols.gif</filename>
<filename>wysiwygPro3/wysiwygPro/themes/default/wysiwygpro/buttons/fontcolor.gif</filename>
<filename>wysiwygPro3/wysiwygPro/themes/default/wysiwygpro/buttons/form.gif</filename>
<filename>wysiwygPro3/wysiwygPro/themes/default/wysiwygpro/buttons/full.gif</filename>
<filename>wysiwygPro3/wysiwygPro/themes/default/wysiwygpro/buttons/fullwindow.gif</filename>
<filename>wysiwygPro3/wysiwygPro/themes/default/wysiwygpro/buttons/guidelines.gif</filename>
<filename>wysiwygPro3/wysiwygPro/themes/default/wysiwygpro/buttons/help.gif</filename>
<filename>wysiwygPro3/wysiwygPro/themes/default/wysiwygpro/buttons/highlight.gif</filename>
<filename>wysiwygPro3/wysiwygPro/themes/default/wysiwygpro/buttons/image.gif</filename>

<filename>wysiwygPro3/wysiwygPro/themes/default/wysiwygpro/buttons/imageinput.gif</filename>
<filename>wysiwygPro3/wysiwygPro/themes/default/wysiwygpro/buttons/indent.gif</filename>
<filename>wysiwygPro3/wysiwygPro/themes/default/wysiwygpro/buttons/inscol.gif</filename>
<filename>wysiwygPro3/wysiwygPro/themes/default/wysiwygpro/buttons/inscolleft.gif</filename>
<filename>wysiwygPro3/wysiwygPro/themes/default/wysiwygpro/buttons/inscolright.gif</filename>
<filename>wysiwygPro3/wysiwygPro/themes/default/wysiwygpro/buttons/insrow.gif</filename>
<filename>wysiwygPro3/wysiwygPro/themes/default/wysiwygpro/buttons/insrowabove.gif</filename>
<filename>wysiwygPro3/wysiwygPro/themes/default/wysiwygpro/buttons/insrowbelow.gif</filename>
<filename>wysiwygPro3/wysiwygPro/themes/default/wysiwygpro/buttons/insrowsandcols.gif</filename>

<filename>wysiwygPro3/wysiwygPro/themes/default/wysiwygpro/buttons/instable.gif</filename>
<filename>wysiwygPro3/wysiwygPro/themes/default/wysiwygpro/buttons/italic.gif</filename>
<filename>wysiwygPro3/wysiwygPro/themes/default/wysiwygpro/buttons/last.gif</filename>
<filename>wysiwygPro3/wysiwygPro/themes/default/wysiwygpro/buttons/left.gif</filename>
<filename>wysiwygPro3/wysiwygPro/themes/default/wysiwygpro/buttons/link.gif</filename>
<filename>wysiwygPro3/wysiwygPro/themes/default/wysiwygpro/buttons/listbox.gif</filename>
<filename>wysiwygPro3/wysiwygPro/themes/default/wysiwygpro/buttons/listview.gif</filename>
<filename>wysiwygPro3/wysiwygPro/themes/default/wysiwygpro/buttons/media.gif</filename>
<filename>wysiwygPro3/wysiwygPro/themes/default/wysiwygpro/buttons/mergecells.gif</filename>

<filename>wysiwygPro3/wysiwygPro/themes/default/wysiwygpro/buttons/more.gif</filename>
<filename>wysiwygPro3/wysiwygPro/themes/default/wysiwygpro/buttons/movefilesto.gif</filename>
<filename>wysiwygPro3/wysiwygPro/themes/default/wysiwygpro/buttons/newfolder.gif</filename>
<filename>wysiwygPro3/wysiwygPro/themes/default/wysiwygpro/buttons/next.gif</filename>
<filename>wysiwygPro3/wysiwygPro/themes/default/wysiwygpro/buttons/nextfile.gif</filename>
<filename>wysiwygPro3/wysiwygPro/themes/default/wysiwygpro/buttons/numbering.gif</filename>
<filename>wysiwygPro3/wysiwygPro/themes/default/wysiwygpro/buttons/option.gif</filename>
<filename>wysiwygPro3/wysiwygPro/themes/default/wysiwygpro/buttons/optiongroup.gif</filename>
<filename>wysiwygPro3/wysiwygPro/themes/default/wysiwygpro/buttons/outdent.gif</filename>

<filename>wysiwygPro3/wysiwygPro/themes/default/wysiwygpro/buttons/pageonthissite.gif</filename>
<filename>wysiwygPro3/wysiwygPro/themes/default/wysiwygpro/buttons/paste.gif</filename>
<filename>wysiwygPro3/wysiwygPro/themes/default/wysiwygpro/buttons/pastecleanup.gif</filename>
<filename>wysiwygPro3/wysiwygPro/themes/default/wysiwygpro/buttons/placeonthispage.gif</filename>
<filename>wysiwygPro3/wysiwygPro/themes/default/wysiwygpro/buttons/post.gif</filename>
<filename>wysiwygPro3/wysiwygPro/themes/default/wysiwygpro/buttons/previous.gif</filename>
<filename>wysiwygPro3/wysiwygPro/themes/default/wysiwygpro/buttons/previousfile.gif</filename>
<filename>wysiwygPro3/wysiwygPro/themes/default/wysiwygpro/buttons/print.gif</filename>
<filename>wysiwygPro3/wysiwygPro/themes/default/wysiwygpro/buttons/redo.gif</filename>

<filename>wysiwygPro3/wysiwygPro/themes/default/wysiwygpro/buttons/renamefiles.gif</filename>
<filename>wysiwygPro3/wysiwygPro/themes/default/wysiwygpro/buttons/resizecorner.gif</filename>
<filename>wysiwygPro3/wysiwygPro/themes/default/wysiwygpro/buttons/right.gif</filename>
<filename>wysiwygPro3/wysiwygPro/themes/default/wysiwygpro/buttons/rotate270.gif</filename>
<filename>wysiwygPro3/wysiwygPro/themes/default/wysiwygpro/buttons/rotate90.gif</filename>
<filename>wysiwygPro3/wysiwygPro/themes/default/wysiwygpro/buttons/ruler.gif</filename>
<filename>wysiwygPro3/wysiwygPro/themes/default/wysiwygpro/buttons/save.gif</filename>
<filename>wysiwygPro3/wysiwygPro/themes/default/wysiwygpro/buttons/send.gif</filename>
<filename>wysiwygPro3/wysiwygPro/themes/default/wysiwygpro/buttons/snippets.gif</filename>

<filename>wysiwygPro3/wysiwygPro/themes/default/wysiwygpro/buttons/spacer.gif</filename>
<filename>wysiwygPro3/wysiwygPro/themes/default/wysiwygpro/buttons/specialchar.gif</filename>
<filename>wysiwygPro3/wysiwygPro/themes/default/wysiwygpro/buttons/spelling.gif</filename>
<filename>wysiwygPro3/wysiwygPro/themes/default/wysiwygpro/buttons/strikethrough.gif</filename>
<filename>wysiwygPro3/wysiwygPro/themes/default/wysiwygpro/buttons/subscript.gif</filename>
<filename>wysiwygPro3/wysiwygPro/themes/default/wysiwygpro/buttons/superscript.gif</filename>
<filename>wysiwygPro3/wysiwygPro/themes/default/wysiwygpro/buttons/syntaxhighlight.gif</filename>
<filename>wysiwygPro3/wysiwygPro/themes/default/wysiwygpro/buttons/tab.design.gif</filename>
<filename>wysiwygPro3/wysiwygPro/themes/default/wysiwygpro/buttons/tab.preview.gif</filename>

<filename>wysiwygPro3/wysiwygPro/themes/default/wysiwygpro/buttons/tab.source.gif</filename>
<filename>wysiwygPro3/wysiwygPro/themes/default/wysiwygpro/buttons/tablemenu.gif</filename>
<filename>wysiwygPro3/wysiwygPro/themes/default/wysiwygpro/buttons/textbox.gif</filename>
<filename>wysiwygPro3/wysiwygPro/themes/default/wysiwygpro/buttons/textfield.gif</filename>
<filename>wysiwygPro3/wysiwygPro/themes/default/wysiwygpro/buttons/thumbnailsview.gif</filename>
<filename>wysiwygPro3/wysiwygPro/themes/default/wysiwygpro/buttons/underline.gif</filename>
<filename>wysiwygPro3/wysiwygPro/themes/default/wysiwygpro/buttons/undo.gif</filename>
<filename>wysiwygPro3/wysiwygPro/themes/default/wysiwygpro/buttons/unlink.gif</filename>
<filename>wysiwygPro3/wysiwygPro/themes/default/wysiwygpro/buttons/unmergecells.gif</filename>

<filename>wysiwygPro3/wysiwygPro/themes/default/wysiwygpro/buttons/up.gif</filename>
<filename>wysiwygPro3/wysiwygPro/themes/default/wysiwygpro/buttons/uploadfiles.gif</filename>
<filename>wysiwygPro3/wysiwygPro/themes/default/wysiwygpro/buttons/view.gif</filename>
<filename>wysiwygPro3/wysiwygPro/themes/default/wysiwygpro/buttons/weblocation.gif</filename>
<filename>wysiwygPro3/wysiwygPro/themes/default/wysiwygpro/buttons/wordwrap.gif</filename>
<filename>wysiwygPro3/wysiwygPro/themes/default/wysiwygpro/icons/doc.gif</filename>
<filename>wysiwygPro3/wysiwygPro/themes/default/wysiwygpro/icons/documentfolder.gif</filename>
<filename>wysiwygPro3/wysiwygPro/themes/default/wysiwygpro/icons/docx.gif</filename>
<filename>wysiwygPro3/wysiwygPro/themes/default/wysiwygpro/icons/exe.gif</filename>

<filename>wysiwygPro3/wysiwygPro/themes/default/wysiwygpro/icons/flv.gif</filename>
<filename>wysiwygPro3/wysiwygPro/themes/default/wysiwygpro/icons/folder.gif</filename>
<filename>wysiwygPro3/wysiwygPro/themes/default/wysiwygpro/icons/folder32.gif</filename>
<filename>wysiwygPro3/wysiwygPro/themes/default/wysiwygpro/icons/folderopen.gif</filename>
<filename>wysiwygPro3/wysiwygPro/themes/default/wysiwygpro/icons/gif.gif</filename>
<filename>wysiwygPro3/wysiwygPro/themes/default/wysiwygpro/icons/gif32.gif</filename>
<filename>wysiwygPro3/wysiwygPro/themes/default/wysiwygpro/icons/htm.gif</filename>
<filename>wysiwygPro3/wysiwygPro/themes/default/wysiwygpro/icons/imagefolder.gif</filename>
<filename>wysiwygPro3/wysiwygPro/themes/default/wysiwygpro/icons/img.gif</filename>

<filename>wysiwygPro3/wysiwygPro/themes/default/wysiwygpro/icons/jpg.gif</filename>
<filename>wysiwygPro3/wysiwygPro/themes/default/wysiwygpro/icons/jpg32.gif</filename>
<filename>wysiwygPro3/wysiwygPro/themes/default/wysiwygpro/icons/mediafolder.gif</filename>
<filename>wysiwygPro3/wysiwygPro/themes/default/wysiwygpro/icons/mov.gif</filename>
<filename>wysiwygPro3/wysiwygPro/themes/default/wysiwygpro/icons/mp3.gif</filename>
<filename>wysiwygPro3/wysiwygPro/themes/default/wysiwygpro/icons/pdf.gif</filename>
<filename>wysiwygPro3/wysiwygPro/themes/default/wysiwygpro/icons/php.gif</filename>
<filename>wysiwygPro3/wysiwygPro/themes/default/wysiwygpro/icons/png.gif</filename>
<filename>wysiwygPro3/wysiwygPro/themes/default/wysiwygpro/icons/png32.gif</filename>

<filename>wysiwygPro3/wysiwygPro/themes/default/wysiwygpro/icons/pps.gif</filename>
<filename>wysiwygPro3/wysiwygPro/themes/default/wysiwygpro/icons/ppsx.gif</filename>
<filename>wysiwygPro3/wysiwygPro/themes/default/wysiwygpro/icons/ppt.gif</filename>
<filename>wysiwygPro3/wysiwygPro/themes/default/wysiwygpro/icons/pptx.gif</filename>
<filename>wysiwygPro3/wysiwygPro/themes/default/wysiwygpro/icons/rm.gif</filename>
<filename>wysiwygPro3/wysiwygPro/themes/default/wysiwygpro/icons/rtf.gif</filename>
<filename>wysiwygPro3/wysiwygPro/themes/default/wysiwygpro/icons/spacer.gif</filename>
<filename>wysiwygPro3/wysiwygPro/themes/default/wysiwygpro/icons/swf.gif</filename>
<filename>wysiwygPro3/wysiwygPro/themes/default/wysiwygpro/icons/tmp.gif</filename>

<filename>wysiwygPro3/wysiwygPro/themes/default/wysiwygpro/icons/txt.gif</filename>
<filename>wysiwygPro3/wysiwygPro/themes/default/wysiwygpro/icons/unknown.gif</filename>
<filename>wysiwygPro3/wysiwygPro/themes/default/wysiwygpro/icons/wmv.gif</filename>
<filename>wysiwygPro3/wysiwygPro/themes/default/wysiwygpro/icons/xl.gif</filename>
<filename>wysiwygPro3/wysiwygPro/themes/default/wysiwygpro/icons/xlsx.gif</filename>
<filename>wysiwygPro3/wysiwygPro/themes/default/wysiwygpro/icons/zip.gif</filename>
<filename>wysiwygPro3/wysiwygPro/themes/default/wysiwygpro/misc/arrow_down.gif</filename>
<filename>wysiwygPro3/wysiwygPro/themes/default/wysiwygpro/misc/arrow_left.gif</filename>
<filename>wysiwygPro3/wysiwygPro/themes/default/wysiwygpro/misc/arrow_right.gif</filename>

<filename>wysiwygPro3/wysiwygPro/themes/default/wysiwygpro/misc/arrow_up.gif</filename>
<filename>wysiwygPro3/wysiwygPro/themes/default/wysiwygpro/misc/critical32.gif</filename>
<filename>wysiwygPro3/wysiwygPro/themes/default/wysiwygpro/misc/form48.gif</filename>
<filename>wysiwygPro3/wysiwygPro/themes/default/wysiwygpro/misc/headers.both.gif</filename>
<filename>wysiwygPro3/wysiwygPro/themes/default/wysiwygpro/misc/headers.left.gif</filename>
<filename>wysiwygPro3/wysiwygPro/themes/default/wysiwygpro/misc/headers.none.gif</filename>
<filename>wysiwygPro3/wysiwygPro/themes/default/wysiwygpro/misc/headers.top.gif</filename>
<filename>wysiwygPro3/wysiwygPro/themes/default/wysiwygpro/misc/information16.gif</filename>
<filename>wysiwygPro3/wysiwygPro/themes/default/wysiwygpro/misc/information32.gif</filename>

<filename>wysiwygPro3/wysiwygPro/themes/default/wysiwygpro/misc/list.circle.gif</filename>
<filename>wysiwygPro3/wysiwygPro/themes/default/wysiwygpro/misc/list.decimal.gif</filename>
<filename>wysiwygPro3/wysiwygPro/themes/default/wysiwygpro/misc/list.disc.gif</filename>
<filename>wysiwygPro3/wysiwygPro/themes/default/wysiwygpro/misc/list.lower-alpha.gif</filename>
<filename>wysiwygPro3/wysiwygPro/themes/default/wysiwygpro/misc/list.lower-roman.gif</filename>
<filename>wysiwygPro3/wysiwygPro/themes/default/wysiwygpro/misc/list.square.gif</filename>
<filename>wysiwygPro3/wysiwygPro/themes/default/wysiwygpro/misc/list.upper-alpha.gif</filename>
<filename>wysiwygPro3/wysiwygPro/themes/default/wysiwygpro/misc/list.upper-roman.gif</filename>
<filename>wysiwygPro3/wysiwygPro/themes/default/wysiwygpro/misc/loader.gif</filename>

<filename>wysiwygPro3/wysiwygPro/themes/default/wysiwygpro/misc/media48.gif</filename>
<filename>wysiwygPro3/wysiwygPro/themes/default/wysiwygpro/misc/sortasc.gif</filename>
<filename>wysiwygPro3/wysiwygPro/themes/default/wysiwygpro/misc/sortdesc.gif</filename>
<filename>wysiwygPro3/wysiwygPro/themes/default/wysiwygpro/misc/spacer.gif</filename>
<filename>wysiwygPro3/wysiwygPro/themes/default/wysiwygpro/misc/table.center.gif</filename>
<filename>wysiwygPro3/wysiwygPro/themes/default/wysiwygpro/misc/table.default.gif</filename>
<filename>wysiwygPro3/wysiwygPro/themes/default/wysiwygpro/misc/table.left.gif</filename>
<filename>wysiwygPro3/wysiwygPro/themes/default/wysiwygpro/misc/table.right.gif</filename>
<filename>wysiwygPro3/wysiwygPro/themes/default/wysiwygpro/misc/td.bottom.gif</filename>

<filename>wysiwygPro3/wysiwygPro/themes/default/wysiwygpro/misc/td.middle.gif</filename>
<filename>wysiwygPro3/wysiwygPro/themes/default/wysiwygpro/misc/td.top.gif</filename>
<filename>wysiwygPro3/wysiwygPro/themes/default/wysiwygpro/misc/tree.collapsed.gif</filename>
<filename>wysiwygPro3/wysiwygPro/themes/default/wysiwygpro/misc/tree.expanded.gif</filename>
<filename>wysiwygPro3/wysiwygPro/themes/default/wysiwygpro/misc/warning16.gif</filename>
<filename>wysiwygPro3/wysiwygPro/themes/default/wysiwygpro/misc/warning32.gif</filename>
<filename>wysiwygPro3/wysiwygPro/themes/default/wysiwygpro/misc/wrap_preview.gif</filename>

		<filename plugin="wysiwygPro3_install2">wysiwygPro3_install2.php</filename>
    </files>
	<params/>
  </install>