<?xml version="1.0" encoding="utf-8"?>
<install version="1.5" type="plugin" group="authentication">
<name>Authentication - jfusion</name>
<creationDate>October 2007</creationDate>
  <author>JFusion Development Team</author>
  <authorEmail>info@jfusion.org</authorEmail>
  <authorUrl>http://www.jfusion.org</authorUrl>
  <copyright>(C) 2007 All rights reserved.</copyright>
  <license>GNU/GPL</license>
<version>1.0.6c</version>
  <description>This is the JFusion authentication plugin, that checks if the supplied password is correct upon login.</description>
<files folder="plugins/authentication">
<filename plugin="jfusion">jfusion.php</filename>
</files>
<params />
</install>
