<?xml version="1.0" encoding="utf-8"?>
  <install version="1.5.0" type="plugin" group="editors">
    <name>Editor - WysiwygPro 3 Install Step 3 (DO NOT USE)</name>
    <version></version>
    <creationDate></creationDate>
    <author></author>
    <authorEmail></authorEmail>
    <authorUrl></authorUrl>
    <copyright></copyright>
    <license></license>
    <description>WysiwygPro Installation Step Three Complete. Please now install Plugin4.zip.</description>
    <files> 	
<filename>wysiwygPro3/wysiwygPro/core/plugins/index.htm</filename>
<filename>wysiwygPro3/wysiwygPro/core/plugins/wproCore_bookmark/dialog.css</filename>
<filename>wysiwygPro3/wysiwygPro/core/plugins/wproCore_bookmark/dialog.js</filename>

<filename>wysiwygPro3/wysiwygPro/core/plugins/wproCore_bookmark/dialog.php</filename>
<filename>wysiwygPro3/wysiwygPro/core/plugins/wproCore_bookmark/dialog.tpl.php</filename>
<filename>wysiwygPro3/wysiwygPro/core/plugins/wproCore_bookmark/index.htm</filename>
<filename>wysiwygPro3/wysiwygPro/core/plugins/wproCore_bookmark/plugin.js</filename>
<filename>wysiwygPro3/wysiwygPro/core/plugins/wproCore_bookmark/plugin.php</filename>
<filename>wysiwygPro3/wysiwygPro/core/plugins/wproCore_codeCleanup/dialog.css</filename>
<filename>wysiwygPro3/wysiwygPro/core/plugins/wproCore_codeCleanup/dialog.js</filename>
<filename>wysiwygPro3/wysiwygPro/core/plugins/wproCore_codeCleanup/dialog.php</filename>
<filename>wysiwygPro3/wysiwygPro/core/plugins/wproCore_codeCleanup/dialog.tpl.php</filename>

<filename>wysiwygPro3/wysiwygPro/core/plugins/wproCore_codeCleanup/index.htm</filename>
<filename>wysiwygPro3/wysiwygPro/core/plugins/wproCore_codeCleanup/plugin.js</filename>
<filename>wysiwygPro3/wysiwygPro/core/plugins/wproCore_codeCleanup/plugin.php</filename>
<filename>wysiwygPro3/wysiwygPro/core/plugins/wproCore_codeCleanup/upload.tpl.php</filename>
<filename>wysiwygPro3/wysiwygPro/core/plugins/wproCore_colorPicker/dialog.css</filename>
<filename>wysiwygPro3/wysiwygPro/core/plugins/wproCore_colorPicker/dialog.js</filename>
<filename>wysiwygPro3/wysiwygPro/core/plugins/wproCore_colorPicker/dialog.php</filename>
<filename>wysiwygPro3/wysiwygPro/core/plugins/wproCore_colorPicker/dialog.tpl.php</filename>
<filename>wysiwygPro3/wysiwygPro/core/plugins/wproCore_defaults/index.htm</filename>

<filename>wysiwygPro3/wysiwygPro/core/plugins/wproCore_defaults/plugin.php</filename>
<filename>wysiwygPro3/wysiwygPro/core/plugins/wproCore_direction/index.htm</filename>
<filename>wysiwygPro3/wysiwygPro/core/plugins/wproCore_direction/plugin.js</filename>
<filename>wysiwygPro3/wysiwygPro/core/plugins/wproCore_direction/plugin.php</filename>
<filename>wysiwygPro3/wysiwygPro/core/plugins/wproCore_emoticons/dialog.css</filename>
<filename>wysiwygPro3/wysiwygPro/core/plugins/wproCore_emoticons/dialog.js</filename>
<filename>wysiwygPro3/wysiwygPro/core/plugins/wproCore_emoticons/dialog.php</filename>
<filename>wysiwygPro3/wysiwygPro/core/plugins/wproCore_emoticons/dialog.tpl.php</filename>
<filename>wysiwygPro3/wysiwygPro/core/plugins/wproCore_emoticons/index.htm</filename>

<filename>wysiwygPro3/wysiwygPro/core/plugins/wproCore_emoticons/plugin.php</filename>
<filename>wysiwygPro3/wysiwygPro/core/plugins/wproCore_fileBrowser/compileFilePluginsJS.php</filename>
<filename>wysiwygPro3/wysiwygPro/core/plugins/wproCore_fileBrowser/compileJS.php</filename>
<filename>wysiwygPro3/wysiwygPro/core/plugins/wproCore_fileBrowser/dialog.php</filename>
<filename>wysiwygPro3/wysiwygPro/core/plugins/wproCore_fileBrowser/index.htm</filename>
<filename>wysiwygPro3/wysiwygPro/core/plugins/wproCore_fileBrowser/plugin.js</filename>
<filename>wysiwygPro3/wysiwygPro/core/plugins/wproCore_fileBrowser/plugin.php</filename>
<filename>wysiwygPro3/wysiwygPro/core/plugins/wproCore_fileBrowser/css/dialog.css</filename>
<filename>wysiwygPro3/wysiwygPro/core/plugins/wproCore_fileBrowser/css/imageEditor.css</filename>

<filename>wysiwygPro3/wysiwygPro/core/plugins/wproCore_fileBrowser/css/link.css</filename>
<filename>wysiwygPro3/wysiwygPro/core/plugins/wproCore_fileBrowser/css/move-copy.css</filename>
<filename>wysiwygPro3/wysiwygPro/core/plugins/wproCore_fileBrowser/js/dialog.js</filename>
<filename>wysiwygPro3/wysiwygPro/core/plugins/wproCore_fileBrowser/js/imageEditor.js</filename>
<filename>wysiwygPro3/wysiwygPro/core/plugins/wproCore_fileBrowser/js/links.js</filename>
<filename>wysiwygPro3/wysiwygPro/core/plugins/wproCore_fileBrowser/js/media.js</filename>
<filename>wysiwygPro3/wysiwygPro/core/plugins/wproCore_fileBrowser/js/move-copy.js</filename>
<filename>wysiwygPro3/wysiwygPro/core/plugins/wproCore_fileBrowser/js/outlook.js</filename>
<filename>wysiwygPro3/wysiwygPro/core/plugins/wproCore_fileBrowser/js/upload.js</filename>

<filename>wysiwygPro3/wysiwygPro/core/plugins/wproCore_fileBrowser/processors/basiclink.inc.php</filename>
<filename>wysiwygPro3/wysiwygPro/core/plugins/wproCore_fileBrowser/processors/buildThumbnails.inc.php</filename>
<filename>wysiwygPro3/wysiwygPro/core/plugins/wproCore_fileBrowser/processors/delete.inc.php</filename>
<filename>wysiwygPro3/wysiwygPro/core/plugins/wproCore_fileBrowser/processors/document.inc.php</filename>
<filename>wysiwygPro3/wysiwygPro/core/plugins/wproCore_fileBrowser/processors/image.inc.php</filename>
<filename>wysiwygPro3/wysiwygPro/core/plugins/wproCore_fileBrowser/processors/imageeditor.ajax.inc.php</filename>
<filename>wysiwygPro3/wysiwygPro/core/plugins/wproCore_fileBrowser/processors/imageeditor.inc.php</filename>
<filename>wysiwygPro3/wysiwygPro/core/plugins/wproCore_fileBrowser/processors/link.inc.php</filename>
<filename>wysiwygPro3/wysiwygPro/core/plugins/wproCore_fileBrowser/processors/media.inc.php</filename>

<filename>wysiwygPro3/wysiwygPro/core/plugins/wproCore_fileBrowser/processors/move-copy.inc.php</filename>
<filename>wysiwygPro3/wysiwygPro/core/plugins/wproCore_fileBrowser/processors/moveCopyFinished.inc.php</filename>
<filename>wysiwygPro3/wysiwygPro/core/plugins/wproCore_fileBrowser/processors/newFolder.inc.php</filename>
<filename>wysiwygPro3/wysiwygPro/core/plugins/wproCore_fileBrowser/processors/outlook.inc.php</filename>
<filename>wysiwygPro3/wysiwygPro/core/plugins/wproCore_fileBrowser/processors/rename.inc.php</filename>
<filename>wysiwygPro3/wysiwygPro/core/plugins/wproCore_fileBrowser/processors/thumbnail.inc.php</filename>
<filename>wysiwygPro3/wysiwygPro/core/plugins/wproCore_fileBrowser/processors/upload.inc.php</filename>
<filename>wysiwygPro3/wysiwygPro/core/plugins/wproCore_fileBrowser/processors/uploadFinished.inc.php</filename>
<filename>wysiwygPro3/wysiwygPro/core/plugins/wproCore_fileBrowser/tpl/basiclink.tpl.php</filename>

<filename>wysiwygPro3/wysiwygPro/core/plugins/wproCore_fileBrowser/tpl/dialog.tpl.php</filename>
<filename>wysiwygPro3/wysiwygPro/core/plugins/wproCore_fileBrowser/tpl/files.tpl.php</filename>
<filename>wysiwygPro3/wysiwygPro/core/plugins/wproCore_fileBrowser/tpl/imageEditor.tpl.php</filename>
<filename>wysiwygPro3/wysiwygPro/core/plugins/wproCore_fileBrowser/tpl/linksBrowser.tpl.php</filename>
<filename>wysiwygPro3/wysiwygPro/core/plugins/wproCore_fileBrowser/tpl/mediaPositioning.tpl.php</filename>
<filename>wysiwygPro3/wysiwygPro/core/plugins/wproCore_fileBrowser/tpl/move-copy.tpl.php</filename>
<filename>wysiwygPro3/wysiwygPro/core/plugins/wproCore_fileBrowser/tpl/move-copyFinished.tpl.php</filename>
<filename>wysiwygPro3/wysiwygPro/core/plugins/wproCore_fileBrowser/tpl/outlook.tpl.php</filename>
<filename>wysiwygPro3/wysiwygPro/core/plugins/wproCore_fileBrowser/tpl/upload.tpl.php</filename>

<filename>wysiwygPro3/wysiwygPro/core/plugins/wproCore_fileBrowser/tpl/uploadFinished.tpl.php</filename>
<filename>wysiwygPro3/wysiwygPro/core/plugins/wproCore_find/dialog.js</filename>
<filename>wysiwygPro3/wysiwygPro/core/plugins/wproCore_find/dialog.php</filename>
<filename>wysiwygPro3/wysiwygPro/core/plugins/wproCore_find/dialog.tpl.php</filename>
<filename>wysiwygPro3/wysiwygPro/core/plugins/wproCore_find/index.htm</filename>
<filename>wysiwygPro3/wysiwygPro/core/plugins/wproCore_find/plugin.php</filename>
<filename>wysiwygPro3/wysiwygPro/core/plugins/wproCore_fullWindow/index.htm</filename>
<filename>wysiwygPro3/wysiwygPro/core/plugins/wproCore_fullWindow/plugin.js</filename>
<filename>wysiwygPro3/wysiwygPro/core/plugins/wproCore_fullWindow/plugin.php</filename>

<filename>wysiwygPro3/wysiwygPro/core/plugins/wproCore_list/dialog.css</filename>
<filename>wysiwygPro3/wysiwygPro/core/plugins/wproCore_list/dialog.js</filename>
<filename>wysiwygPro3/wysiwygPro/core/plugins/wproCore_list/dialog.php</filename>
<filename>wysiwygPro3/wysiwygPro/core/plugins/wproCore_list/dialog.tpl.php</filename>
<filename>wysiwygPro3/wysiwygPro/core/plugins/wproCore_list/index.htm</filename>
<filename>wysiwygPro3/wysiwygPro/core/plugins/wproCore_list/plugin.js</filename>
<filename>wysiwygPro3/wysiwygPro/core/plugins/wproCore_list/plugin.php</filename>
<filename>wysiwygPro3/wysiwygPro/core/plugins/wproCore_ruler/dialog.js</filename>
<filename>wysiwygPro3/wysiwygPro/core/plugins/wproCore_ruler/dialog.php</filename>

<filename>wysiwygPro3/wysiwygPro/core/plugins/wproCore_ruler/dialog.tpl.php</filename>
<filename>wysiwygPro3/wysiwygPro/core/plugins/wproCore_ruler/index.htm</filename>
<filename>wysiwygPro3/wysiwygPro/core/plugins/wproCore_ruler/plugin.js</filename>
<filename>wysiwygPro3/wysiwygPro/core/plugins/wproCore_ruler/plugin.php</filename>
<filename>wysiwygPro3/wysiwygPro/core/plugins/wproCore_snippets/dialog.css</filename>
<filename>wysiwygPro3/wysiwygPro/core/plugins/wproCore_snippets/dialog.js</filename>
<filename>wysiwygPro3/wysiwygPro/core/plugins/wproCore_snippets/dialog.php</filename>
<filename>wysiwygPro3/wysiwygPro/core/plugins/wproCore_snippets/dialog.tpl.php</filename>
<filename>wysiwygPro3/wysiwygPro/core/plugins/wproCore_snippets/index.htm</filename>

<filename>wysiwygPro3/wysiwygPro/core/plugins/wproCore_snippets/plugin.php</filename>
<filename>wysiwygPro3/wysiwygPro/core/plugins/wproCore_specialCharacters/dialog.css</filename>
<filename>wysiwygPro3/wysiwygPro/core/plugins/wproCore_specialCharacters/dialog.js</filename>
<filename>wysiwygPro3/wysiwygPro/core/plugins/wproCore_specialCharacters/dialog.php</filename>
<filename>wysiwygPro3/wysiwygPro/core/plugins/wproCore_specialCharacters/dialog.tpl.php</filename>
<filename>wysiwygPro3/wysiwygPro/core/plugins/wproCore_specialCharacters/index.htm</filename>
<filename>wysiwygPro3/wysiwygPro/core/plugins/wproCore_specialCharacters/plugin.php</filename>
<filename>wysiwygPro3/wysiwygPro/core/plugins/wproCore_spellchecker/baseAPI.inc.php</filename>
<filename>wysiwygPro3/wysiwygPro/core/plugins/wproCore_spellchecker/blank.php</filename>

<filename>wysiwygPro3/wysiwygPro/core/plugins/wproCore_spellchecker/checkSpelling.php</filename>
<filename>wysiwygPro3/wysiwygPro/core/plugins/wproCore_spellchecker/config.inc.php</filename>
<filename>wysiwygPro3/wysiwygPro/core/plugins/wproCore_spellchecker/dialog.css</filename>
<filename>wysiwygPro3/wysiwygPro/core/plugins/wproCore_spellchecker/dialog.js</filename>
<filename>wysiwygPro3/wysiwygPro/core/plugins/wproCore_spellchecker/dialog.php</filename>
<filename>wysiwygPro3/wysiwygPro/core/plugins/wproCore_spellchecker/dialog.tpl.php</filename>
<filename>wysiwygPro3/wysiwygPro/core/plugins/wproCore_spellchecker/index.htm</filename>
<filename>wysiwygPro3/wysiwygPro/core/plugins/wproCore_spellchecker/plugin.php</filename>
<filename>wysiwygPro3/wysiwygPro/core/plugins/wproCore_spellchecker/spellcheckerAPI.inc.php</filename>

<filename>wysiwygPro3/wysiwygPro/core/plugins/wproCore_styleWithCSS/index.htm</filename>
<filename>wysiwygPro3/wysiwygPro/core/plugins/wproCore_styleWithCSS/plugin.js</filename>
<filename>wysiwygPro3/wysiwygPro/core/plugins/wproCore_styleWithCSS/plugin.php</filename>
<filename>wysiwygPro3/wysiwygPro/core/plugins/wproCore_table/dialog.php</filename>
<filename>wysiwygPro3/wysiwygPro/core/plugins/wproCore_table/index.htm</filename>
<filename>wysiwygPro3/wysiwygPro/core/plugins/wproCore_table/plugin.js</filename>
<filename>wysiwygPro3/wysiwygPro/core/plugins/wproCore_table/plugin.php</filename>
<filename>wysiwygPro3/wysiwygPro/core/plugins/wproCore_table/css/editTable.css</filename>
<filename>wysiwygPro3/wysiwygPro/core/plugins/wproCore_table/css/editTableDA.css</filename>

<filename>wysiwygPro3/wysiwygPro/core/plugins/wproCore_table/css/fixedCols.css</filename>
<filename>wysiwygPro3/wysiwygPro/core/plugins/wproCore_table/css/index.htm</filename>
<filename>wysiwygPro3/wysiwygPro/core/plugins/wproCore_table/css/newTable.css</filename>
<filename>wysiwygPro3/wysiwygPro/core/plugins/wproCore_table/js/common.js</filename>
<filename>wysiwygPro3/wysiwygPro/core/plugins/wproCore_table/js/editTable.js</filename>
<filename>wysiwygPro3/wysiwygPro/core/plugins/wproCore_table/js/fixedCols.js</filename>
<filename>wysiwygPro3/wysiwygPro/core/plugins/wproCore_table/js/index.htm</filename>
<filename>wysiwygPro3/wysiwygPro/core/plugins/wproCore_table/js/insertRowsAndColumns.js</filename>
<filename>wysiwygPro3/wysiwygPro/core/plugins/wproCore_table/js/mergeCells.js</filename>

<filename>wysiwygPro3/wysiwygPro/core/plugins/wproCore_table/js/newTable.js</filename>
<filename>wysiwygPro3/wysiwygPro/core/plugins/wproCore_table/js/unmergeCells.js</filename>
<filename>wysiwygPro3/wysiwygPro/core/plugins/wproCore_table/tpl/editTable.tpl.php</filename>
<filename>wysiwygPro3/wysiwygPro/core/plugins/wproCore_table/tpl/fixedCols.tpl.php</filename>
<filename>wysiwygPro3/wysiwygPro/core/plugins/wproCore_table/tpl/index.htm</filename>
<filename>wysiwygPro3/wysiwygPro/core/plugins/wproCore_table/tpl/insertRowsAndColumns.tpl.php</filename>
<filename>wysiwygPro3/wysiwygPro/core/plugins/wproCore_table/tpl/mergeCells.tpl.php</filename>
<filename>wysiwygPro3/wysiwygPro/core/plugins/wproCore_table/tpl/newTable.tpl.php</filename>
<filename>wysiwygPro3/wysiwygPro/core/plugins/wproCore_table/tpl/unmergeCells.tpl.php</filename>

<filename>wysiwygPro3/wysiwygPro/core/plugins/wproCore_tagEditor/dialog.css</filename>
<filename>wysiwygPro3/wysiwygPro/core/plugins/wproCore_tagEditor/dialog.js</filename>
<filename>wysiwygPro3/wysiwygPro/core/plugins/wproCore_tagEditor/dialog.php</filename>
<filename>wysiwygPro3/wysiwygPro/core/plugins/wproCore_tagEditor/dialog.tpl.php</filename>
<filename>wysiwygPro3/wysiwygPro/core/plugins/wproCore_tagEditor/index.htm</filename>
<filename>wysiwygPro3/wysiwygPro/core/plugins/wproCore_tagEditor/input.js</filename>
<filename>wysiwygPro3/wysiwygPro/core/plugins/wproCore_v2Compat/index.htm</filename>
<filename>wysiwygPro3/wysiwygPro/core/plugins/wproCore_v2Compat/plugin.php</filename>
<filename>wysiwygPro3/wysiwygPro/core/plugins/wproCore_zoom/index.htm</filename>

<filename>wysiwygPro3/wysiwygPro/core/plugins/wproCore_zoom/plugin.js</filename>
<filename>wysiwygPro3/wysiwygPro/core/plugins/wproCore_zoom/plugin.php</filename>

		<filename plugin="wysiwygPro3_install3">wysiwygPro3_install3.php</filename>
    </files>
	<params/>
  </install>